SRP002024,SRR036932
SRP002024,SRR036933
SRP002024,SRR036934
SRP002024,SRR036935
SRP002024,SRR036936
SRP002024,SRR036937
SRP002024,SRR036938
SRP002024,SRR036939
SRP002024,SRR036940
PRJNA185744,SRR287611
PRJNA185744,SRR287614
PRJNA185744,SRR287615
PRJNA185744,SRR287616
PRJNA185744,SRR287617
PRJNA185744,SRR287618
PRJNA185744,SRR287619
PRJNA185744,SRR287620
PRJNA185744,SRR287621
PRJNA185744,SRR287622
PRJNA185744,SRR287623
PRJNA185744,SRR287624
PRJNA185744,SRR287625
PRJNA185744,SRR287626
PRJNA185744,SRR287627
PRJNA185744,SRR287628
PRJNA185744,SRR287629
PRJNA185744,SRR287630
PRJNA185744,SRR287631
PRJNA185744,SRR287632
PRJNA185744,SRR287633
PRJNA185744,SRR287634
PRJNA185744,SRR287635
PRJNA185744,SRR287636
PRJNA185744,SRR287637
PRJNA185744,SRR287638
PRJNA185744,SRR287639
PRJNA185744,SRR287640
PRJNA185744,SRR287641
PRJNA185744,SRR287642
PRJNA185744,SRR287643
PRJNA185744,SRR287644
PRJNA185744,SRR287645
PRJNA185744,SRR287646
PRJNA185744,SRR287647
PRJNA185744,SRR287648
SRR1988514,PRJNA281953
SRR1988516,PRJNA281953
SRR1988515,PRJNA281953
SRR1988510,PRJNA281953
SRR1988512,PRJNA281953
SRR1988513,PRJNA281953
SRR1988509,PRJNA281953
SRR1988517,PRJNA281953
SRR1988518,PRJNA281953
SRR1988519,PRJNA281953
SRR2968975,PRJNA304655
SRR2968976,PRJNA304655
SRR2968977,PRJNA304655
SRR2968979,PRJNA304655
SRR2968980,PRJNA304655
SRR2968981,PRJNA304655